activation_id,journey_id,prospect_id,registration_id,first_login_ts,first_key_action_ts,second_key_action_ts,activation_status,activation_channel,retained_7d_flag,retained_30d_flag
AC00000001,JR0000050,PR000047,RG00000001,2025-12-08 22:42:04,2025-12-08 23:00:04,,activated,web,1,1
AC00000002,JR0000071,PR000065,RG00000003,2025-10-26 12:32:08,2025-10-26 13:35:08,,activated,web,0,0
AC00000003,JR0000079,PR000072,RG00000004,2025-07-26 12:40:23,2025-07-26 14:29:23,,activated,web,0,0
AC00000004,JR0000160,PR000145,RG00000014,2025-10-01 23:10:09,2025-10-01 23:24:09,2025-10-10 23:10:09,consolidated,web,1,1
AC00000005,JR0000197,PR000173,RG00000016,2025-09-09 18:38:58,2025-09-09 19:06:58,2025-09-17 18:38:58,consolidated,web,1,1
AC00000006,JR0000226,PR000200,RG00000019,2025-03-16 10:51:05,2025-03-16 10:53:05,2025-03-22 10:51:05,consolidated,web,1,1
AC00000007,JR0000267,PR000240,RG00000022,2025-10-09 11:38:39,2025-10-09 12:21:39,2025-10-22 11:38:39,consolidated,web,1,1
AC00000008,JR0000269,PR000242,RG00000023,2025-04-17 01:53:05,2025-04-17 03:01:05,,activated,partner,1,1
AC00000009,JR0000311,PR000277,RG00000026,2025-08-27 08:37:11,2025-08-27 09:30:11,,activated,web,1,0
AC00000010,JR0000489,PR000432,RG00000035,2025-05-26 13:57:03,2025-05-26 15:08:03,2025-06-12 13:57:03,consolidated,web,1,0
AC00000011,JR0000547,PR000482,RG00000040,2025-05-24 08:06:15,2025-05-24 08:14:15,,activated,web,0,0
AC00000012,JR0000690,PR000613,RG00000047,2025-09-18 14:44:51,2025-09-18 15:32:51,2025-10-06 14:44:51,consolidated,web,1,1
AC00000013,JR0000830,PR000744,RG00000051,2025-07-07 22:04:18,2025-07-07 23:59:18,,activated,app,1,0
AC00000014,JR0000848,PR000759,RG00000052,2025-08-30 06:52:41,2025-08-30 07:29:41,,activated,web,1,1
AC00000015,JR0001044,PR000933,RG00000061,2025-03-13 23:37:09,2025-03-14 01:24:09,2025-03-18 23:37:09,consolidated,web,1,1
AC00000016,JR0001088,PR000974,RG00000064,2025-02-18 11:56:59,2025-02-18 12:25:59,2025-02-28 11:56:59,consolidated,web,1,1
AC00000017,JR0001309,PR001169,RG00000081,2025-07-31 16:26:22,2025-07-31 17:06:22,2025-08-04 16:26:22,consolidated,web,1,0
AC00000018,JR0001330,PR001189,RG00000084,2025-05-14 18:30:41,2025-05-14 19:25:41,2025-05-19 18:30:41,consolidated,email,1,1
AC00000019,JR0001408,PR001260,RG00000088,2025-10-09 13:08:27,2025-10-09 14:27:27,,activated,web,1,1
AC00000020,JR0001473,PR001315,RG00000093,2025-09-20 21:11:04,2025-09-20 22:04:04,,activated,app,1,1
AC00000021,JR0001515,PR001353,RG00000096,2025-05-16 07:55:33,2025-05-16 09:08:33,2025-05-24 07:55:33,consolidated,app,1,1
AC00000022,JR0001527,PR001363,RG00000097,2025-07-01 14:37:14,2025-07-01 14:39:14,2025-07-11 14:37:14,consolidated,web,1,1
AC00000023,JR0001563,PR001395,RG00000099,2025-07-28 16:05:33,2025-07-28 16:52:33,2025-08-11 16:05:33,consolidated,web,1,1
AC00000024,JR0001574,PR001406,RG00000100,2025-04-02 17:33:19,2025-04-02 19:14:19,,activated,web,0,0
AC00000025,JR0001687,PR001512,RG00000108,2025-08-07 09:42:15,2025-08-07 10:06:15,2025-08-17 09:42:15,consolidated,web,1,1
AC00000026,JR0001725,PR001542,RG00000114,2025-12-27 06:29:19,2025-12-27 07:40:19,2025-12-31 23:59:00,consolidated,web,1,0
AC00000027,JR0001865,PR001665,RG00000123,2026-01-01 00:37:03,2026-01-01 02:32:03,,activated,web,1,0
AC00000028,JR0001876,PR001676,RG00000124,2025-03-08 11:30:10,2025-03-08 12:02:10,2025-03-14 11:30:10,consolidated,web,1,1
AC00000029,JR0001925,PR001718,RG00000129,2025-03-09 09:30:59,2025-03-09 11:06:59,2025-03-15 09:30:59,consolidated,email,1,1
AC00000030,JR0002017,PR001801,RG00000137,2025-09-21 13:33:48,2025-09-21 14:17:48,,activated,web,0,0
AC00000031,JR0002065,PR001843,RG00000139,2025-06-28 17:03:40,2025-06-28 17:50:40,2025-07-20 17:03:40,consolidated,web,1,1
AC00000032,JR0002100,PR001877,RG00000141,2025-09-09 11:05:23,2025-09-09 11:09:23,2025-09-18 11:05:23,consolidated,web,1,1
AC00000033,JR0002249,PR002012,RG00000146,2025-08-17 23:33:45,2025-08-18 01:01:45,2025-08-24 23:33:45,consolidated,email,1,0
AC00000034,JR0002310,PR002067,RG00000149,2025-08-03 09:51:55,2025-08-03 11:30:55,2025-08-09 09:51:55,consolidated,web,1,1
AC00000035,JR0002319,PR002074,RG00000151,2026-01-02 06:32:00,2026-01-02 07:26:00,2025-12-31 23:59:00,consolidated,web,1,0
AC00000036,JR0002339,PR002092,RG00000153,2025-10-03 15:44:03,2025-10-03 16:33:03,2025-10-18 15:44:03,consolidated,web,1,1
AC00000037,JR0002472,PR002211,RG00000160,2025-07-20 09:54:32,2025-07-20 10:12:32,2025-07-27 09:54:32,consolidated,web,1,1
AC00000038,JR0002674,PR002394,RG00000170,2025-06-27 16:20:37,2025-06-27 17:29:37,2025-07-02 16:20:37,consolidated,web,1,1
AC00000039,JR0002760,PR002469,RG00000179,2025-11-17 22:56:42,2025-11-17 23:49:42,,activated,web,0,0
AC00000040,JR0002975,PR002661,RG00000188,2025-02-09 03:19:37,2025-02-09 04:36:37,2025-02-12 03:19:37,consolidated,web,1,1
AC00000041,JR0003019,PR002704,RG00000191,2025-03-23 12:44:43,2025-03-23 13:42:43,,activated,web,1,1
AC00000042,JR0003043,PR002725,RG00000194,2025-10-23 10:38:38,2025-10-23 10:40:38,2025-11-07 10:38:38,consolidated,web,1,1
AC00000043,JR0003077,PR002758,RG00000197,2025-10-31 07:25:21,2025-10-31 07:45:21,2025-11-04 07:25:21,consolidated,web,1,1
AC00000044,JR0003118,PR002795,RG00000199,2025-10-22 13:56:07,2025-10-22 14:59:07,2025-10-31 13:56:07,consolidated,web,1,1
AC00000045,JR0003128,PR002804,RG00000200,2025-04-12 19:03:26,2025-04-12 19:41:26,2025-04-15 19:03:26,consolidated,web,1,0
AC00000046,JR0003169,PR002838,RG00000204,2025-03-15 11:27:45,2025-03-15 13:23:45,,activated,email,0,0
AC00000047,JR0003194,PR002859,RG00000205,2025-06-29 17:36:04,2025-06-29 18:05:04,2025-07-05 17:36:04,consolidated,partner,1,1
AC00000048,JR0003196,PR002860,RG00000206,2025-09-10 22:45:40,2025-09-11 00:25:40,2025-09-24 22:45:40,consolidated,email,1,1
AC00000049,JR0003216,PR002878,RG00000207,2025-08-07 07:53:09,2025-08-07 08:53:09,2025-08-27 07:53:09,consolidated,web,1,1
AC00000050,JR0003324,PR002975,RG00000214,2025-06-22 20:16:53,2025-06-22 20:43:53,2025-07-02 20:16:53,consolidated,web,1,1
AC00000051,JR0003361,PR003008,RG00000221,2025-05-21 20:36:19,2025-05-21 20:56:19,2025-05-27 20:36:19,consolidated,web,1,1
AC00000052,JR0003519,PR003150,RG00000231,2025-07-19 16:42:15,2025-07-19 17:13:15,,activated,partner,1,0
AC00000053,JR0003682,PR003294,RG00000245,2025-08-01 18:45:18,2025-08-01 19:55:18,2025-08-09 18:45:18,consolidated,web,1,1
AC00000054,JR0003712,PR003321,RG00000249,2025-06-06 09:15:17,2025-06-06 09:32:17,,activated,app,1,0
AC00000055,JR0003737,PR003346,RG00000251,2025-05-13 11:10:05,2025-05-13 12:54:05,2025-05-18 11:10:05,consolidated,web,1,0
AC00000056,JR0003770,PR003374,RG00000254,2025-05-31 14:42:57,2025-05-31 15:51:57,,activated,web,0,0
AC00000057,JR0003777,PR003380,RG00000257,2025-06-15 04:24:37,2025-06-15 04:44:37,,activated,email,0,0
AC00000058,JR0003872,PR003460,RG00000261,2025-05-04 11:16:26,2025-05-04 12:03:26,,activated,web,1,0
AC00000059,JR0003986,PR003565,RG00000265,2025-10-12 13:58:53,2025-10-12 14:29:53,2025-10-17 13:58:53,consolidated,web,1,0
AC00000060,JR0004198,PR003753,RG00000274,2025-02-16 20:51:39,2025-02-16 22:42:39,,activated,email,1,1
AC00000061,JR0004362,PR003903,RG00000279,2025-05-11 23:50:51,2025-05-12 00:27:51,,activated,partner,1,0
AC00000062,JR0004462,PR003990,RG00000284,2025-02-16 21:25:57,2025-02-16 22:12:57,2025-02-21 21:25:57,consolidated,web,1,0
AC00000063,JR0004463,PR003990,RG00000285,2025-07-15 01:42:49,2025-07-15 02:12:49,2025-07-24 01:42:49,consolidated,web,1,1
AC00000064,JR0004504,PR004029,RG00000287,2025-04-02 11:15:45,2025-04-02 11:43:45,2025-04-08 11:15:45,consolidated,web,1,1
AC00000065,JR0004585,PR004098,RG00000293,2025-08-08 16:24:50,2025-08-08 17:03:50,,activated,web,1,0
AC00000066,JR0004735,PR004228,RG00000301,2025-12-09 22:32:24,2025-12-10 00:22:24,,activated,web,1,0
AC00000067,JR0004754,PR004246,RG00000303,2025-08-15 02:53:44,2025-08-15 04:33:44,2025-08-17 02:53:44,consolidated,app,1,0
AC00000068,JR0004817,PR004303,RG00000307,2025-09-25 11:11:32,2025-09-25 13:09:32,2025-10-01 11:11:32,consolidated,web,1,1
AC00000069,JR0004879,PR004361,RG00000313,2025-04-04 22:56:20,2025-04-05 00:04:20,,activated,web,0,0
AC00000070,JR0004944,PR004416,RG00000318,2025-03-28 11:03:13,2025-03-28 12:38:13,,activated,email,1,1
AC00000071,JR0005001,PR004467,RG00000322,2025-03-17 20:57:45,2025-03-17 22:40:45,,activated,web,1,1
AC00000072,JR0005147,PR004596,RG00000328,2025-10-27 22:31:23,2025-10-27 23:50:23,2025-11-07 22:31:23,consolidated,web,1,1
AC00000073,JR0005159,PR004606,RG00000330,2025-08-04 19:53:30,2025-08-04 21:12:30,2025-08-14 19:53:30,consolidated,web,1,1
AC00000074,JR0005182,PR004624,RG00000331,2025-09-28 00:23:24,2025-09-28 00:39:24,,activated,web,0,0
AC00000075,JR0005214,PR004654,RG00000334,2025-03-18 05:21:57,2025-03-18 05:33:57,2025-03-24 05:21:57,consolidated,web,1,1
AC00000076,JR0005483,PR004898,RG00000352,2025-08-09 13:13:53,2025-08-09 13:58:53,2025-08-13 13:13:53,consolidated,web,1,0
AC00000077,JR0005560,PR004969,RG00000354,2025-05-12 18:24:26,2025-05-12 19:47:26,2025-05-26 18:24:26,consolidated,web,1,1
AC00000078,JR0005682,PR005077,RG00000361,2025-05-25 04:42:36,2025-05-25 04:52:36,,activated,email,1,1
AC00000079,JR0005701,PR005093,RG00000363,2025-12-28 22:26:29,2025-12-29 00:00:29,,activated,web,0,0
AC00000080,JR0005760,PR005146,RG00000369,2025-09-19 03:19:34,2025-09-19 03:54:34,2025-10-05 03:19:34,consolidated,web,1,1
AC00000081,JR0005841,PR005218,RG00000372,2025-10-14 03:26:55,2025-10-14 04:57:55,,activated,email,1,0
AC00000082,JR0006106,PR005458,RG00000379,2025-07-29 08:56:01,2025-07-29 10:02:01,,activated,web,0,0
AC00000083,JR0006190,PR005531,RG00000385,2025-12-15 14:00:27,2025-12-15 15:12:27,2025-12-19 14:00:27,consolidated,web,1,1
AC00000084,JR0006224,PR005563,RG00000390,2025-04-06 21:14:06,2025-04-06 21:34:06,2025-04-15 21:14:06,consolidated,web,1,1
AC00000085,JR0006231,PR005569,RG00000391,2025-08-03 23:35:34,2025-08-04 01:02:34,2025-08-14 23:35:34,consolidated,web,1,1
AC00000086,JR0006241,PR005578,RG00000393,2025-06-13 02:34:55,2025-06-13 03:53:55,2025-06-19 02:34:55,consolidated,partner,1,1
AC00000087,JR0006290,PR005620,RG00000396,2026-01-03 17:11:50,2026-01-03 18:13:50,,activated,web,1,0
AC00000088,JR0006359,PR005679,RG00000404,2025-05-02 02:12:39,2025-05-02 03:17:39,,activated,web,1,0
AC00000089,JR0006421,PR005734,RG00000409,2025-07-18 21:28:53,2025-07-18 22:32:53,,activated,web,0,0
AC00000090,JR0006453,PR005761,RG00000414,2025-04-23 16:54:47,2025-04-23 18:32:47,,activated,partner,1,1
AC00000091,JR0006471,PR005778,RG00000417,2025-06-04 00:49:43,2025-06-04 02:42:43,,activated,web,1,0
AC00000092,JR0006484,PR005791,RG00000418,2025-08-22 23:43:01,2025-08-23 00:11:01,,activated,partner,1,1
AC00000093,JR0006515,PR005819,RG00000424,2025-07-26 21:48:08,2025-07-26 22:47:08,2025-08-10 21:48:08,consolidated,web,1,1
AC00000094,JR0006525,PR005827,RG00000425,2025-08-14 07:10:36,2025-08-14 08:53:36,2025-08-16 07:10:36,consolidated,web,1,1
AC00000095,JR0006540,PR005840,RG00000426,2025-10-22 16:37:39,2025-10-22 18:22:39,2025-10-31 16:37:39,consolidated,web,1,1
AC00000096,JR0006563,PR005861,RG00000427,2025-11-05 13:56:37,2025-11-05 14:14:37,2025-11-13 13:56:37,consolidated,web,1,1
AC00000097,JR0006698,PR005979,RG00000432,2025-03-11 13:06:40,2025-03-11 14:59:40,,activated,web,1,1
AC00000098,JR0006979,PR006233,RG00000446,2025-07-09 12:08:44,2025-07-09 12:57:44,2025-07-14 12:08:44,consolidated,web,1,1
AC00000099,JR0007044,PR006286,RG00000449,2025-10-06 22:54:18,2025-10-06 23:26:18,2025-10-19 22:54:18,consolidated,web,1,1
AC00000100,JR0007070,PR006307,RG00000451,2025-05-26 10:35:44,2025-05-26 10:39:44,2025-05-29 10:35:44,consolidated,web,1,1
AC00000101,JR0007101,PR006334,RG00000454,2025-01-24 22:55:45,2025-01-24 23:16:45,,activated,web,0,0
AC00000102,JR0007187,PR006407,RG00000459,2025-02-07 03:24:47,2025-02-07 03:40:47,2025-02-21 03:24:47,consolidated,email,1,1
AC00000103,JR0007298,PR006508,RG00000467,2025-07-11 23:18:53,2025-07-12 00:44:53,2025-07-28 23:18:53,consolidated,web,1,1
AC00000104,JR0007302,PR006511,RG00000468,2025-03-05 22:40:05,2025-03-05 23:23:05,,activated,web,1,1
AC00000105,JR0007428,PR006623,RG00000477,2025-04-29 15:39:09,2025-04-29 15:52:09,2025-05-01 15:39:09,consolidated,web,1,0
AC00000106,JR0007454,PR006647,RG00000482,2025-07-28 19:02:31,2025-07-28 20:48:31,2025-08-04 19:02:31,consolidated,web,1,1
AC00000107,JR0007539,PR006727,RG00000485,2025-09-12 00:40:08,2025-09-12 01:37:08,,activated,web,0,0
AC00000108,JR0007643,PR006821,RG00000492,2025-08-22 20:03:34,2025-08-22 21:02:34,,activated,web,0,0
AC00000109,JR0007668,PR006845,RG00000495,2025-09-25 14:30:42,2025-09-25 15:18:42,2025-10-03 14:30:42,consolidated,web,1,0
AC00000110,JR0007763,PR006931,RG00000502,2025-05-28 20:33:07,2025-05-28 22:06:07,2025-06-04 20:33:07,consolidated,web,1,1
AC00000111,JR0007851,PR007012,RG00000506,2025-03-01 09:20:55,2025-03-01 11:15:55,,activated,web,1,1
AC00000112,JR0007857,PR007018,RG00000508,2025-06-04 08:46:30,2025-06-04 09:19:30,,activated,web,0,0
AC00000113,JR0007951,PR007098,RG00000513,2025-08-22 20:02:55,2025-08-22 21:29:55,2025-08-31 20:02:55,consolidated,web,1,1
AC00000114,JR0007975,PR007120,RG00000516,2025-11-11 02:51:52,2025-11-11 04:50:52,2025-11-26 02:51:52,consolidated,web,1,0
AC00000115,JR0008097,PR007227,RG00000525,2025-07-29 04:50:41,2025-07-29 05:12:41,,activated,web,1,0
AC00000116,JR0008217,PR007333,RG00000535,2025-03-19 23:35:20,2025-03-20 00:28:20,2025-04-03 23:35:20,consolidated,web,1,1
AC00000117,JR0008470,PR007558,RG00000551,2025-09-03 15:44:51,2025-09-03 17:00:51,2025-09-11 15:44:51,consolidated,web,1,1
AC00000118,JR0008543,PR007621,RG00000556,2025-05-28 00:59:55,2025-05-28 01:10:55,2025-05-30 00:59:55,consolidated,web,1,0
AC00000119,JR0008545,PR007623,RG00000557,2025-02-22 16:07:48,2025-02-22 17:03:48,2025-03-03 16:07:48,consolidated,web,1,1
AC00000120,JR0008724,PR007784,RG00000572,2025-10-22 00:22:47,2025-10-22 00:57:47,2025-11-05 00:22:47,consolidated,web,1,1
AC00000121,JR0008733,PR007791,RG00000573,2025-06-16 16:25:00,2025-06-16 16:52:00,2025-07-05 16:25:00,consolidated,web,1,1
AC00000122,JR0008734,PR007791,RG00000574,2025-09-26 20:12:45,2025-09-26 20:59:45,,activated,web,1,1
AC00000123,JR0008838,PR007880,RG00000577,2025-06-25 03:35:34,2025-06-25 04:46:34,,activated,web,0,0
AC00000124,JR0008854,PR007893,RG00000579,2026-01-03 13:28:00,2026-01-03 13:30:00,,activated,web,1,0
AC00000125,JR0008900,PR007932,RG00000581,2025-06-23 09:11:11,2025-06-23 09:26:11,,activated,web,0,0
AC00000126,JR0008912,PR007943,RG00000582,2025-02-05 12:51:21,2025-02-05 13:35:21,2025-02-10 12:51:21,consolidated,web,1,1
AC00000127,JR0008939,PR007964,RG00000584,2025-04-27 08:39:02,2025-04-27 09:04:02,2025-05-06 08:39:02,consolidated,web,1,1
AC00000128,JR0009076,PR008085,RG00000593,2025-08-11 04:13:06,2025-08-11 05:15:06,2025-08-20 04:13:06,consolidated,web,1,1
AC00000129,JR0009094,PR008103,RG00000594,2025-03-03 11:41:16,2025-03-03 13:26:16,,activated,web,1,1
AC00000130,JR0009100,PR008107,RG00000595,2025-07-16 10:37:43,2025-07-16 11:25:43,2025-07-20 10:37:43,consolidated,web,1,1
AC00000131,JR0009385,PR008355,RG00000604,2025-07-01 06:55:56,2025-07-01 07:00:56,2025-07-09 06:55:56,consolidated,web,1,1
AC00000132,JR0009400,PR008366,RG00000607,2025-10-04 23:21:00,2025-10-05 00:28:00,,activated,web,0,0
AC00000133,JR0009431,PR008394,RG00000610,2025-03-26 18:32:49,2025-03-26 18:54:49,2025-04-01 18:32:49,consolidated,web,1,1
AC00000134,JR0009464,PR008425,RG00000612,2025-03-23 17:07:44,2025-03-23 17:29:44,,activated,web,0,0
AC00000135,JR0009465,PR008425,RG00000613,2025-05-08 03:31:25,2025-05-08 04:44:25,2025-05-29 03:31:25,consolidated,web,1,0
AC00000136,JR0009466,PR008426,RG00000614,2025-03-05 11:57:40,2025-03-05 12:49:40,,activated,web,1,0
AC00000137,JR0009598,PR008545,RG00000618,2025-10-28 06:09:10,2025-10-28 07:34:10,2025-10-31 06:09:10,consolidated,web,1,0
AC00000138,JR0009632,PR008576,RG00000620,2025-09-14 03:48:49,2025-09-14 05:10:49,2025-09-24 03:48:49,consolidated,web,1,1
AC00000139,JR0009863,PR008789,RG00000628,2025-08-08 23:46:10,2025-08-09 00:18:10,2025-08-12 23:46:10,consolidated,web,1,1
AC00000140,JR0009884,PR008809,RG00000630,2025-08-22 19:09:04,2025-08-22 20:37:04,,activated,web,1,0
AC00000141,JR0009910,PR008830,RG00000631,2025-12-01 02:29:27,2025-12-01 03:48:27,,activated,web,1,1
AC00000142,JR0010123,PR009028,RG00000637,2025-05-29 20:43:00,2025-05-29 22:05:00,2025-06-02 20:43:00,consolidated,web,1,1
AC00000143,JR0010145,PR009048,RG00000638,2025-08-09 16:36:20,2025-08-09 16:57:20,,activated,web,1,0
AC00000144,JR0010154,PR009056,RG00000639,2025-10-04 15:26:18,2025-10-04 16:21:18,2025-10-08 15:26:18,consolidated,web,1,1
AC00000145,JR0010372,PR009249,RG00000652,2025-10-02 14:47:44,2025-10-02 16:15:44,,activated,web,1,0
AC00000146,JR0010457,PR009320,RG00000659,2025-02-02 03:51:15,2025-02-02 05:45:15,,activated,web,1,1
AC00000147,JR0010666,PR009511,RG00000671,2025-07-13 00:39:45,2025-07-13 02:37:45,,activated,web,1,1
AC00000148,JR0010701,PR009543,RG00000675,2025-09-12 15:27:25,2025-09-12 17:17:25,,activated,partner,0,0
AC00000149,JR0010744,PR009583,RG00000679,2025-05-18 09:09:38,2025-05-18 09:33:38,2025-05-22 09:09:38,consolidated,web,1,0
AC00000150,JR0010865,PR009692,RG00000688,2025-01-31 03:34:54,2025-01-31 03:43:54,2025-02-07 03:34:54,consolidated,web,1,1
AC00000151,JR0010930,PR009749,RG00000691,2025-09-03 05:10:38,2025-09-03 05:27:38,,activated,web,1,0
AC00000152,JR0011106,PR009900,RG00000701,2025-06-24 05:54:49,2025-06-24 07:24:49,2025-07-01 05:54:49,consolidated,web,1,1
AC00000153,JR0011125,PR009918,RG00000702,2025-06-10 00:22:00,2025-06-10 00:47:00,,activated,web,0,0
AC00000154,JR0011150,PR009940,RG00000703,2025-05-18 23:11:52,2025-05-18 23:40:52,,activated,email,1,0
AC00000155,JR0011290,PR010069,RG00000711,2025-06-29 21:35:31,2025-06-29 23:16:31,,activated,web,1,1
AC00000156,JR0011355,PR010125,RG00000713,2025-11-01 23:25:26,2025-11-02 00:59:26,2025-11-09 23:25:26,consolidated,web,1,1
AC00000157,JR0011487,PR010240,RG00000720,2025-05-10 15:13:44,2025-05-10 16:21:44,2025-05-21 15:13:44,consolidated,web,1,1
AC00000158,JR0011813,PR010531,RG00000738,2025-07-18 19:58:16,2025-07-18 20:27:16,2025-07-28 19:58:16,consolidated,web,1,1
AC00000159,JR0012271,PR010941,RG00000759,2025-04-17 21:32:08,2025-04-17 21:53:08,,activated,web,0,0
AC00000160,JR0012293,PR010962,RG00000760,2025-04-08 09:00:57,2025-04-08 09:27:57,,activated,web,0,0
AC00000161,JR0012403,PR011057,RG00000769,2025-03-18 05:52:45,2025-03-18 07:16:45,2025-04-04 05:52:45,consolidated,web,1,0
AC00000162,JR0012501,PR011145,RG00000771,2025-08-17 18:38:54,2025-08-17 19:21:54,,activated,web,1,0
AC00000163,JR0012512,PR011152,RG00000772,2025-07-11 01:47:09,2025-07-11 03:09:09,,activated,email,1,0
AC00000164,JR0012548,PR011185,RG00000774,2025-04-08 19:33:58,2025-04-08 20:35:58,2025-04-10 19:33:58,consolidated,email,1,1
AC00000165,JR0012635,PR011264,RG00000777,2025-06-19 11:30:49,2025-06-19 12:35:49,,activated,web,1,0
AC00000166,JR0012669,PR011294,RG00000780,2025-01-12 07:03:44,2025-01-12 07:37:44,2025-01-17 07:03:44,consolidated,web,1,1
AC00000167,JR0012697,PR011319,RG00000782,2025-02-11 09:21:24,2025-02-11 09:58:24,,activated,web,0,0
AC00000168,JR0012718,PR011340,RG00000783,2025-05-20 14:36:08,2025-05-20 16:23:08,,activated,web,0,0
AC00000169,JR0012840,PR011454,RG00000787,2025-06-11 06:05:52,2025-06-11 08:04:52,2025-06-29 06:05:52,consolidated,web,1,1
AC00000170,JR0013034,PR011631,RG00000795,2025-06-20 22:53:00,2025-06-20 23:43:00,2025-06-25 22:53:00,consolidated,web,1,0
AC00000171,JR0013049,PR011643,RG00000796,2025-07-17 08:33:59,2025-07-17 09:20:59,2025-07-23 08:33:59,consolidated,web,1,0
AC00000172,JR0013170,PR011751,RG00000801,2025-04-05 05:16:12,2025-04-05 06:34:12,2025-04-10 05:16:12,consolidated,web,1,1
AC00000173,JR0013240,PR011812,RG00000809,2025-08-06 19:00:48,2025-08-06 19:36:48,2025-08-16 19:00:48,consolidated,email,1,1
AC00000174,JR0013251,PR011822,RG00000810,2025-03-20 15:46:01,2025-03-20 17:18:01,,activated,web,1,0
AC00000175,JR0013521,PR012056,RG00000827,2025-04-09 08:51:23,2025-04-09 10:37:23,2025-04-17 08:51:23,consolidated,web,1,1
AC00000176,JR0013561,PR012090,RG00000829,2025-12-31 12:41:33,2025-12-31 12:47:33,2025-12-31 23:59:00,consolidated,email,1,0
AC00000177,JR0013581,PR012109,RG00000830,2025-02-27 22:54:03,2025-02-27 23:18:03,,activated,web,1,0
AC00000178,JR0013664,PR012183,RG00000833,2025-10-11 03:41:17,2025-10-11 04:59:17,2025-10-14 03:41:17,consolidated,web,1,1
AC00000179,JR0013694,PR012209,RG00000835,2025-03-23 10:29:26,2025-03-23 10:32:26,2025-03-30 10:29:26,consolidated,web,1,1
AC00000180,JR0013731,PR012244,RG00000838,2025-08-15 05:53:15,2025-08-15 06:59:15,2025-08-27 05:53:15,consolidated,web,1,1
AC00000181,JR0013744,PR012255,RG00000839,2025-09-11 13:50:31,2025-09-11 14:10:31,2025-09-16 13:50:31,consolidated,email,1,1
AC00000182,JR0013888,PR012382,RG00000847,2025-09-05 18:20:54,2025-09-05 20:16:54,2025-09-20 18:20:54,consolidated,web,1,1
AC00000183,JR0013950,PR012436,RG00000849,2025-08-25 00:43:15,2025-08-25 00:46:15,,activated,web,0,0
AC00000184,JR0013955,PR012440,RG00000850,2025-03-07 11:38:32,2025-03-07 12:53:32,,activated,web,1,0
AC00000185,JR0013979,PR012462,RG00000852,2025-07-09 03:05:29,2025-07-09 04:06:29,,activated,web,0,0
AC00000186,JR0014016,PR012495,RG00000853,2025-02-15 03:20:59,2025-02-15 04:07:59,,activated,web,0,0
AC00000187,JR0014050,PR012525,RG00000857,2025-05-25 00:48:26,2025-05-25 00:57:26,2025-05-29 00:48:26,consolidated,web,1,1
AC00000188,JR0014052,PR012527,RG00000858,2025-09-30 14:19:38,2025-09-30 14:34:38,2025-10-07 14:19:38,consolidated,web,1,1
AC00000189,JR0014083,PR012555,RG00000860,2025-08-19 14:26:30,2025-08-19 14:39:30,,activated,email,0,0
AC00000190,JR0014084,PR012556,RG00000861,2025-07-13 01:55:38,2025-07-13 03:00:38,,activated,email,0,0
AC00000191,JR0014217,PR012671,RG00000864,2025-07-21 12:24:56,2025-07-21 14:03:56,2025-08-06 12:24:56,consolidated,web,1,1
AC00000192,JR0014270,PR012719,RG00000867,2025-04-03 15:35:30,2025-04-03 16:59:30,,activated,web,1,1
AC00000193,JR0014297,PR012745,RG00000869,2025-09-10 00:37:52,2025-09-10 00:47:52,2025-09-21 00:37:52,consolidated,web,1,1
AC00000194,JR0014307,PR012755,RG00000872,2025-09-13 13:56:21,2025-09-13 15:12:21,2025-09-20 13:56:21,consolidated,web,1,1
AC00000195,JR0014516,PR012937,RG00000880,2025-12-26 05:02:43,2025-12-26 06:25:43,,activated,web,0,0
AC00000196,JR0014578,PR012993,RG00000886,2025-06-03 13:40:45,2025-06-03 14:12:45,2025-06-15 13:40:45,consolidated,email,1,0
AC00000197,JR0014744,PR013143,RG00000894,2025-06-24 20:20:22,2025-06-24 21:06:22,2025-06-28 20:20:22,consolidated,web,1,1
AC00000198,JR0014783,PR013178,RG00000897,2025-05-24 15:10:28,2025-05-24 16:48:28,,activated,web,0,0
AC00000199,JR0015014,PR013381,RG00000908,2025-11-21 23:12:12,2025-11-21 23:32:12,,activated,web,0,0
AC00000200,JR0015108,PR013465,RG00000913,2025-05-07 05:10:11,2025-05-07 05:54:11,,activated,web,0,0
AC00000201,JR0015123,PR013478,RG00000917,2025-03-27 04:25:02,2025-03-27 04:41:02,,activated,web,0,0
AC00000202,JR0015128,PR013483,RG00000918,2025-03-22 23:42:04,2025-03-23 00:32:04,,activated,app,1,0
AC00000203,JR0015177,PR013528,RG00000920,2025-10-30 12:48:57,2025-10-30 13:29:57,,activated,web,0,0
AC00000204,JR0015262,PR013608,RG00000924,2025-04-20 14:47:23,2025-04-20 15:46:23,,activated,web,1,1
AC00000205,JR0015269,PR013615,RG00000925,2025-06-19 03:08:48,2025-06-19 03:20:48,,activated,email,1,0
AC00000206,JR0015275,PR013620,RG00000926,2025-06-02 11:38:55,2025-06-02 12:45:55,2025-06-17 11:38:55,consolidated,web,1,1
AC00000207,JR0015446,PR013775,RG00000938,2025-06-30 01:14:12,2025-06-30 03:10:12,2025-07-11 01:14:12,consolidated,email,1,1
AC00000208,JR0015495,PR013819,RG00000939,2025-07-27 06:27:41,2025-07-27 07:16:41,,activated,email,1,0
AC00000209,JR0015576,PR013891,RG00000945,2025-02-12 22:13:25,2025-02-12 22:44:25,,activated,web,0,0
AC00000210,JR0015619,PR013926,RG00000947,2025-06-08 04:54:21,2025-06-08 05:26:21,2025-06-11 04:54:21,consolidated,web,1,1
AC00000211,JR0015634,PR013938,RG00000948,2025-02-14 18:04:27,2025-02-14 18:51:27,2025-02-20 18:04:27,consolidated,web,1,0
AC00000212,JR0015687,PR013986,RG00000955,2025-05-23 00:35:46,2025-05-23 01:21:46,2025-05-25 00:35:46,consolidated,partner,1,1
AC00000213,JR0015732,PR014027,RG00000957,2025-06-24 13:42:00,2025-06-24 15:16:00,2025-07-03 13:42:00,consolidated,web,1,1
AC00000214,JR0015743,PR014037,RG00000960,2025-08-31 15:30:47,2025-08-31 16:30:47,,activated,email,0,0
AC00000215,JR0015890,PR014164,RG00000970,2025-07-28 20:27:44,2025-07-28 22:15:44,,activated,web,1,0
AC00000216,JR0015935,PR014203,RG00000975,2025-01-26 14:30:50,2025-01-26 14:52:50,2025-02-05 14:30:50,consolidated,web,1,1
AC00000217,JR0015950,PR014217,RG00000978,2025-08-21 18:48:44,2025-08-21 20:38:44,,activated,web,0,0
AC00000218,JR0016018,PR014280,RG00000981,2025-05-06 20:08:59,2025-05-06 21:35:59,2025-05-11 20:08:59,consolidated,web,1,1
AC00000219,JR0016251,PR014490,RG00000993,2025-02-25 04:30:10,2025-02-25 06:14:10,2025-03-02 04:30:10,consolidated,web,1,1
AC00000220,JR0016291,PR014527,RG00000995,2025-07-02 02:00:15,2025-07-02 03:07:15,2025-07-09 02:00:15,consolidated,web,1,1
AC00000221,JR0016362,PR014593,RG00001001,2025-04-30 00:28:22,2025-04-30 01:16:22,2025-05-02 00:28:22,consolidated,web,1,1
AC00000222,JR0016374,PR014605,RG00001002,2025-09-01 08:57:07,2025-09-01 10:11:07,2025-09-09 08:57:07,consolidated,web,1,0
AC00000223,JR0016386,PR014617,RG00001004,2025-08-24 22:21:32,2025-08-25 00:02:32,2025-09-18 22:21:32,consolidated,web,1,1
AC00000224,JR0016402,PR014633,RG00001005,2025-04-03 07:37:23,2025-04-03 09:29:23,2025-04-06 07:37:23,consolidated,web,1,1
AC00000225,JR0016425,PR014653,RG00001006,2025-11-02 08:46:32,2025-11-02 09:32:32,2025-11-11 08:46:32,consolidated,web,1,0
AC00000226,JR0016451,PR014675,RG00001009,2025-12-12 04:58:08,2025-12-12 05:32:08,2025-12-31 23:59:00,consolidated,email,1,1
AC00000227,JR0016466,PR014689,RG00001011,2025-06-18 01:52:23,2025-06-18 02:41:23,2025-06-27 01:52:23,consolidated,web,1,1
AC00000228,JR0016469,PR014691,RG00001012,2025-10-12 03:14:59,2025-10-12 03:52:59,2025-10-15 03:14:59,consolidated,web,1,1
AC00000229,JR0016494,PR014712,RG00001014,2025-06-15 15:53:31,2025-06-15 15:59:31,2025-06-25 15:53:31,consolidated,web,1,1
AC00000230,JR0016532,PR014745,RG00001017,2025-03-27 18:33:15,2025-03-27 18:56:15,2025-04-02 18:33:15,consolidated,web,1,1
AC00000231,JR0016555,PR014763,RG00001019,2025-03-07 23:34:24,2025-03-08 00:47:24,2025-03-26 23:34:24,consolidated,web,1,1
AC00000232,JR0016631,PR014832,RG00001028,2025-08-23 23:55:02,2025-08-24 00:08:02,2025-08-30 23:55:02,consolidated,web,1,1
AC00000233,JR0016640,PR014841,RG00001030,2025-07-17 08:06:15,2025-07-17 08:20:15,2025-07-21 08:06:15,consolidated,web,1,1
AC00000234,JR0016912,PR015080,RG00001039,2025-03-30 22:17:48,2025-03-30 23:03:48,,activated,web,1,1
AC00000235,JR0017064,PR015221,RG00001048,2025-05-01 02:18:59,2025-05-01 04:10:59,,activated,partner,1,1
AC00000236,JR0017204,PR015349,RG00001057,2025-09-06 01:23:03,2025-09-06 01:41:03,,activated,web,1,0
AC00000237,JR0017217,PR015361,RG00001058,2025-06-06 22:07:01,2025-06-06 23:42:01,,activated,email,1,1
AC00000238,JR0017225,PR015368,RG00001060,2025-11-03 09:13:27,2025-11-03 10:37:27,,activated,web,0,0
AC00000239,JR0017291,PR015425,RG00001066,2025-03-19 07:34:11,2025-03-19 07:44:11,2025-03-23 07:34:11,consolidated,partner,1,1
AC00000240,JR0017421,PR015540,RG00001071,2026-01-03 05:41:00,2026-01-03 07:39:00,2025-12-31 23:59:00,consolidated,web,1,1
AC00000241,JR0017488,PR015603,RG00001072,2025-06-29 11:40:41,2025-06-29 12:35:41,2025-07-13 11:40:41,consolidated,web,1,1
AC00000242,JR0017666,PR015754,RG00001078,2025-05-27 11:59:26,2025-05-27 12:19:26,2025-06-05 11:59:26,consolidated,web,1,1
AC00000243,JR0017744,PR015823,RG00001083,2025-05-23 13:19:51,2025-05-23 13:21:51,,activated,web,0,0
AC00000244,JR0017754,PR015833,RG00001084,2025-10-29 19:35:53,2025-10-29 19:39:53,2025-11-14 19:35:53,consolidated,web,1,1
AC00000245,JR0017829,PR015898,RG00001088,2025-09-24 02:59:20,2025-09-24 04:31:20,,activated,web,1,1
AC00000246,JR0017915,PR015976,RG00001089,2025-03-25 00:21:30,2025-03-25 01:01:30,,activated,web,0,0
AC00000247,JR0018032,PR016077,RG00001094,2026-01-01 03:10:51,2026-01-01 04:54:51,2025-12-31 23:59:00,consolidated,web,1,1
AC00000248,JR0018230,PR016244,RG00001100,2025-09-18 09:18:00,2025-09-18 10:19:00,2025-09-27 09:18:00,consolidated,partner,1,1
AC00000249,JR0018247,PR016258,RG00001101,2025-07-07 13:09:56,2025-07-07 14:18:56,2025-07-16 13:09:56,consolidated,web,1,1
AC00000250,JR0018309,PR016311,RG00001106,2025-10-08 18:35:11,2025-10-08 20:13:11,,activated,web,1,1
AC00000251,JR0018329,PR016329,RG00001110,2025-06-12 22:52:55,2025-06-13 00:51:55,2025-06-29 22:52:55,consolidated,web,1,1
AC00000252,JR0018370,PR016365,RG00001111,2025-12-22 16:59:13,2025-12-22 18:39:13,,activated,web,0,0
AC00000253,JR0018399,PR016389,RG00001115,2025-09-13 21:15:49,2025-09-13 21:33:49,,activated,web,0,0
AC00000254,JR0018420,PR016408,RG00001119,2025-03-04 16:56:50,2025-03-04 18:38:50,,activated,web,0,0
AC00000255,JR0018465,PR016449,RG00001122,2025-12-22 08:16:39,2025-12-22 09:25:39,,activated,web,0,0
AC00000256,JR0018519,PR016497,RG00001124,2025-10-07 08:04:53,2025-10-07 09:54:53,2025-10-11 08:04:53,consolidated,web,1,1
AC00000257,JR0018600,PR016572,RG00001128,2025-07-06 19:24:55,2025-07-06 19:35:55,,activated,app,1,0
AC00000258,JR0018631,PR016599,RG00001131,2025-03-28 07:22:36,2025-03-28 07:36:36,,activated,web,0,0
AC00000259,JR0018667,PR016633,RG00001136,2025-03-31 19:18:26,2025-03-31 21:16:26,2025-04-03 19:18:26,consolidated,web,1,1
AC00000260,JR0018689,PR016654,RG00001137,2025-02-24 16:53:40,2025-02-24 17:54:40,2025-02-27 16:53:40,consolidated,web,1,1
AC00000261,JR0018698,PR016661,RG00001141,2025-04-14 08:18:58,2025-04-14 08:36:58,2025-04-20 08:18:58,consolidated,partner,1,1
AC00000262,JR0018808,PR016762,RG00001150,2025-08-18 05:53:54,2025-08-18 05:57:54,,activated,web,0,0
AC00000263,JR0018825,PR016776,RG00001151,2025-12-01 20:10:23,2025-12-01 21:47:23,2025-12-10 20:10:23,consolidated,web,1,1
AC00000264,JR0018827,PR016778,RG00001152,2025-11-21 12:39:14,2025-11-21 13:16:14,,activated,web,1,0
AC00000265,JR0019111,PR017029,RG00001167,2025-09-08 10:58:13,2025-09-08 12:12:13,,activated,web,1,1
AC00000266,JR0019190,PR017094,RG00001174,2025-12-14 12:05:55,2025-12-14 13:00:55,2025-12-23 12:05:55,consolidated,email,1,0
AC00000267,JR0019226,PR017127,RG00001178,2025-07-09 15:36:46,2025-07-09 16:07:46,2025-07-15 15:36:46,consolidated,web,1,1
AC00000268,JR0019271,PR017166,RG00001180,2025-10-16 18:14:37,2025-10-16 19:36:37,2025-10-25 18:14:37,consolidated,web,1,0
AC00000269,JR0019332,PR017222,RG00001187,2025-06-13 14:02:03,2025-06-13 15:19:03,,activated,web,1,0
AC00000270,JR0019649,PR017494,RG00001201,2025-06-16 07:30:06,2025-06-16 08:17:06,,activated,web,1,1
AC00000271,JR0019686,PR017526,RG00001204,2025-08-18 04:12:31,2025-08-18 05:58:31,,activated,web,1,0
AC00000272,JR0019711,PR017547,RG00001206,2025-05-23 17:10:36,2025-05-23 18:51:36,2025-05-28 17:10:36,consolidated,web,1,1
AC00000273,JR0019725,PR017559,RG00001210,2025-09-05 08:34:59,2025-09-05 08:53:59,2025-09-11 08:34:59,consolidated,web,1,1
AC00000274,JR0019771,PR017602,RG00001214,2025-03-02 07:39:01,2025-03-02 07:58:01,2025-03-10 07:39:01,consolidated,web,1,1
AC00000275,JR0019786,PR017615,RG00001216,2025-05-13 22:52:28,2025-05-14 00:38:28,,activated,email,1,1
AC00000276,JR0019834,PR017657,RG00001220,2025-10-11 11:24:42,2025-10-11 11:40:42,2025-10-16 11:24:42,consolidated,web,1,1
AC00000277,JR0020012,PR017819,RG00001230,2025-04-14 17:53:53,2025-04-14 18:56:53,,activated,web,1,0
AC00000278,JR0020195,PR017982,RG00001236,2025-10-20 02:39:16,2025-10-20 03:43:16,,activated,web,1,0
AC00000279,JR0020326,PR018099,RG00001242,2025-08-10 18:56:49,2025-08-10 19:39:49,,activated,email,1,0
AC00000280,JR0020456,PR018211,RG00001247,2025-07-15 07:33:47,2025-07-15 07:45:47,,activated,web,1,0
AC00000281,JR0020514,PR018265,RG00001251,2025-03-29 11:46:52,2025-03-29 13:10:52,2025-04-01 11:46:52,consolidated,web,1,1
AC00000282,JR0020548,PR018296,RG00001253,2025-08-17 13:23:21,2025-08-17 13:42:21,2025-08-30 13:23:21,consolidated,web,1,0
AC00000283,JR0020565,PR018313,RG00001255,2025-09-27 11:04:40,2025-09-27 11:08:40,,activated,web,1,0
AC00000284,JR0020737,PR018472,RG00001264,2025-11-04 08:00:19,2025-11-04 08:33:19,,activated,email,0,0
AC00000285,JR0021028,PR018731,RG00001274,2025-11-08 11:09:52,2025-11-08 12:08:52,,activated,web,1,1
AC00000286,JR0021038,PR018740,RG00001276,2025-09-30 07:47:01,2025-09-30 08:33:01,2025-10-03 07:47:01,consolidated,web,1,1
AC00000287,JR0021045,PR018746,RG00001277,2025-03-18 07:08:19,2025-03-18 08:04:19,,activated,email,0,0
AC00000288,JR0021189,PR018879,RG00001287,2025-06-18 08:02:35,2025-06-18 08:47:35,2025-06-28 08:02:35,consolidated,web,1,1
AC00000289,JR0021262,PR018943,RG00001293,2025-09-15 19:00:11,2025-09-15 20:56:11,,activated,web,0,0
AC00000290,JR0021364,PR019032,RG00001299,2025-06-21 22:16:44,2025-06-21 22:54:44,,activated,email,1,1
AC00000291,JR0021474,PR019130,RG00001309,2025-03-27 05:24:35,2025-03-27 06:04:35,2025-03-31 05:24:35,consolidated,web,1,1
AC00000292,JR0021792,PR019426,RG00001327,2025-10-31 13:12:11,2025-10-31 14:20:11,,activated,web,0,0
AC00000293,JR0021830,PR019457,RG00001329,2025-05-16 14:25:17,2025-05-16 15:42:17,2025-06-08 14:25:17,consolidated,web,1,1
AC00000294,JR0021852,PR019478,RG00001330,2025-08-30 19:33:31,2025-08-30 21:04:31,2025-09-03 19:33:31,consolidated,web,1,1
AC00000295,JR0022128,PR019728,RG00001343,2025-05-25 14:13:26,2025-05-25 14:47:26,,activated,web,1,1
AC00000296,JR0022242,PR019828,RG00001346,2025-09-30 03:40:01,2025-09-30 04:36:01,2025-10-15 03:40:01,consolidated,web,1,1
AC00000297,JR0022263,PR019846,RG00001347,2025-07-28 09:15:38,2025-07-28 10:51:38,,activated,web,0,0
AC00000298,JR0022462,PR020026,RG00001360,2025-08-23 07:55:20,2025-08-23 08:27:20,,activated,web,1,1
AC00000299,JR0022547,PR020101,RG00001364,2025-03-29 01:37:56,2025-03-29 02:23:56,,activated,web,1,0
AC00000300,JR0022617,PR020165,RG00001369,2025-11-10 11:57:35,2025-11-10 13:42:35,,activated,web,1,1
AC00000301,JR0022634,PR020179,RG00001371,2025-11-26 02:47:57,2025-11-26 04:05:57,2025-12-05 02:47:57,consolidated,web,1,1
AC00000302,JR0022670,PR020212,RG00001374,2025-04-25 17:10:17,2025-04-25 17:20:17,,activated,web,1,0
AC00000303,JR0022814,PR020340,RG00001385,2025-03-20 01:13:26,2025-03-20 01:53:26,,activated,web,1,1
AC00000304,JR0022896,PR020411,RG00001391,2025-05-10 01:54:49,2025-05-10 01:57:49,2025-05-18 01:54:49,consolidated,web,1,1
AC00000305,JR0023203,PR020691,RG00001403,2025-04-06 00:27:35,2025-04-06 01:05:35,2025-04-18 00:27:35,consolidated,web,1,1
AC00000306,JR0023461,PR020916,RG00001412,2025-05-07 12:08:44,2025-05-07 12:55:44,2025-05-10 12:08:44,consolidated,web,1,1
AC00000307,JR0023480,PR020933,RG00001415,2025-04-27 10:16:32,2025-04-27 11:21:32,2025-05-28 10:16:32,consolidated,partner,1,1
AC00000308,JR0023580,PR021022,RG00001421,2025-05-28 02:52:04,2025-05-28 03:42:04,,activated,email,1,1
AC00000309,JR0023756,PR021183,RG00001429,2025-07-10 00:08:42,2025-07-10 00:24:42,,activated,web,0,0
AC00000310,JR0023777,PR021202,RG00001431,2025-06-19 14:19:52,2025-06-19 16:04:52,,activated,web,1,0
AC00000311,JR0023974,PR021376,RG00001447,2025-05-02 01:58:34,2025-05-02 02:27:34,2025-05-10 01:58:34,consolidated,web,1,1
AC00000312,JR0024065,PR021462,RG00001451,2025-08-02 00:41:05,2025-08-02 00:43:05,,activated,web,1,0
AC00000313,JR0024114,PR021506,RG00001456,2025-04-08 16:24:14,2025-04-08 17:02:14,,activated,web,1,0
AC00000314,JR0024155,PR021538,RG00001459,2025-10-09 09:57:28,2025-10-09 11:31:28,,activated,web,0,0
AC00000315,JR0024157,PR021539,RG00001460,2025-03-07 05:45:09,2025-03-07 07:33:09,2025-03-11 05:45:09,consolidated,web,1,1
AC00000316,JR0024209,PR021584,RG00001462,2025-05-11 11:35:09,2025-05-11 13:28:09,,activated,partner,1,1
AC00000317,JR0024263,PR021633,RG00001467,2025-09-20 05:25:52,2025-09-20 07:23:52,,activated,email,1,1
AC00000318,JR0024287,PR021654,RG00001470,2025-02-09 13:14:35,2025-02-09 14:53:35,2025-02-26 13:14:35,consolidated,web,1,1
AC00000319,JR0024410,PR021763,RG00001477,2025-12-20 21:45:43,2025-12-20 22:41:43,2025-12-31 23:59:00,consolidated,web,1,0
AC00000320,JR0024439,PR021790,RG00001479,2025-09-14 04:19:27,2025-09-14 05:45:27,2025-09-17 04:19:27,consolidated,web,1,1
AC00000321,JR0024498,PR021841,RG00001488,2025-11-02 06:38:07,2025-11-02 07:41:07,2025-11-10 06:38:07,consolidated,web,1,1
AC00000322,JR0024507,PR021849,RG00001489,2025-05-23 13:45:53,2025-05-23 15:13:53,2025-05-31 13:45:53,consolidated,web,1,0
AC00000323,JR0024624,PR021947,RG00001494,2025-09-29 16:47:07,2025-09-29 17:44:07,2025-10-07 16:47:07,consolidated,email,1,1
AC00000324,JR0024647,PR021967,RG00001496,2025-07-01 09:04:35,2025-07-01 10:29:35,,activated,web,1,1
AC00000325,JR0024659,PR021976,RG00001498,2025-12-13 15:09:33,2025-12-13 16:55:33,,activated,web,0,0
AC00000326,JR0024670,PR021987,RG00001499,2025-06-08 07:25:14,2025-06-08 08:10:14,,activated,web,1,0
AC00000327,JR0024714,PR022024,RG00001502,2025-08-26 05:32:17,2025-08-26 05:37:17,,activated,web,1,0
AC00000328,JR0024827,PR022120,RG00001510,2025-07-29 18:33:00,2025-07-29 19:43:00,,activated,web,1,0
AC00000329,JR0024885,PR022171,RG00001514,2025-03-14 14:51:31,2025-03-14 15:24:31,2025-03-21 14:51:31,consolidated,web,1,1
AC00000330,JR0024944,PR022222,RG00001517,2025-08-17 00:53:53,2025-08-17 01:56:53,,activated,app,1,1
AC00000331,JR0025143,PR022393,RG00001523,2025-07-09 07:31:55,2025-07-09 07:48:55,2025-07-17 07:31:55,consolidated,web,1,1
AC00000332,JR0025232,PR022473,RG00001529,2025-12-07 06:37:43,2025-12-07 07:30:43,2025-12-25 06:37:43,consolidated,email,1,1
AC00000333,JR0025290,PR022524,RG00001534,2025-11-11 06:11:07,2025-11-11 08:02:07,2025-11-20 06:11:07,consolidated,web,1,0
AC00000334,JR0025333,PR022564,RG00001537,2025-06-22 03:34:45,2025-06-22 04:36:45,,activated,email,1,0
AC00000335,JR0025348,PR022575,RG00001539,2025-09-06 03:37:36,2025-09-06 03:39:36,2025-09-10 03:37:36,consolidated,web,1,1
AC00000336,JR0025357,PR022583,RG00001542,2025-09-26 19:57:17,2025-09-26 20:09:17,,activated,web,0,0
AC00000337,JR0025551,PR022757,RG00001553,2025-11-21 04:58:17,2025-11-21 06:30:17,2025-11-23 04:58:17,consolidated,web,1,0
AC00000338,JR0025572,PR022775,RG00001554,2025-05-03 10:35:57,2025-05-03 11:53:57,2025-05-18 10:35:57,consolidated,web,1,1
AC00000339,JR0025694,PR022879,RG00001558,2025-04-17 10:14:56,2025-04-17 10:53:56,2025-04-27 10:14:56,consolidated,web,1,1
AC00000340,JR0025876,PR023042,RG00001566,2025-10-23 02:24:57,2025-10-23 02:46:57,2025-11-07 02:24:57,consolidated,email,1,0
AC00000341,JR0025877,PR023043,RG00001567,2025-09-02 17:47:37,2025-09-02 18:55:37,2025-09-04 17:47:37,consolidated,web,1,1
AC00000342,JR0025972,PR023126,RG00001570,2025-03-20 16:27:31,2025-03-20 17:24:31,,activated,web,1,0
AC00000343,JR0025987,PR023139,RG00001572,2025-10-09 05:35:38,2025-10-09 05:53:38,,activated,web,1,1
AC00000344,JR0026004,PR023154,RG00001574,2025-05-21 03:25:02,2025-05-21 04:16:02,2025-06-05 03:25:02,consolidated,email,1,1
AC00000345,JR0026065,PR023213,RG00001577,2025-05-03 01:07:10,2025-05-03 02:17:10,,activated,web,1,1
AC00000346,JR0026130,PR023270,RG00001581,2025-10-08 08:51:36,2025-10-08 09:04:36,,activated,email,1,1
AC00000347,JR0026222,PR023344,RG00001584,2025-04-19 19:27:17,2025-04-19 19:44:17,2025-04-23 19:27:17,consolidated,web,1,0
AC00000348,JR0026460,PR023561,RG00001601,2025-05-25 19:50:09,2025-05-25 21:31:09,2025-06-01 19:50:09,consolidated,web,1,1
AC00000349,JR0026461,PR023561,RG00001602,2025-06-07 17:43:10,2025-06-07 19:05:10,2025-06-16 17:43:10,consolidated,web,1,1
AC00000350,JR0026476,PR023574,RG00001603,2025-07-12 17:47:10,2025-07-12 18:31:10,2025-07-16 17:47:10,consolidated,web,1,1
AC00000351,JR0026548,PR023636,RG00001606,2025-06-16 04:43:39,2025-06-16 04:49:39,2025-06-26 04:43:39,consolidated,web,1,1
AC00000352,JR0026555,PR023643,RG00001607,2025-03-22 03:14:33,2025-03-22 03:33:33,,activated,web,1,1
AC00000353,JR0026615,PR023695,RG00001612,2025-06-08 06:25:24,2025-06-08 07:03:24,,activated,web,1,1
AC00000354,JR0026640,PR023719,RG00001616,2025-05-12 04:00:05,2025-05-12 05:39:05,2025-05-24 04:00:05,consolidated,web,1,1
AC00000355,JR0026822,PR023884,RG00001631,2025-02-19 02:05:35,2025-02-19 03:04:35,2025-02-26 02:05:35,consolidated,email,1,1
AC00000356,JR0026833,PR023893,RG00001632,2025-06-29 07:11:59,2025-06-29 07:22:59,,activated,web,0,0
AC00000357,JR0026853,PR023912,RG00001633,2025-08-10 08:30:53,2025-08-10 09:42:53,,activated,partner,1,0
